epoch,time,train/box_loss,train/cls_loss,train/dfl_loss,metrics/precision(B),metrics/recall(B),metrics/mAP50(B),metrics/mAP50-95(B),val/box_loss,val/cls_loss,val/dfl_loss,lr/pg0,lr/pg1,lr/pg2
1,71.7893,1.53765,2.44167,1.64622,0.71538,0.35565,0.38551,0.35363,0.83733,1.43393,1.13757,0.0739,0.0029,0.0029
2,144.207,1.25927,1.42866,1.40668,0.95823,0.44644,0.46558,0.37217,1.1829,1.19599,1.19227,0.0468805,0.00588053,0.00588053
3,213.587,1.20442,1.22297,1.25494,0.65628,0.14393,0.16833,0.12734,1.15318,2.88816,1.23363,0.0198413,0.00884126,0.00884126
4,282.585,1.21857,1.36476,1.20511,0.97356,0.43137,0.48327,0.328,1.51947,1.3381,1.1369,0.009901,0.009901,0.009901
5,351.216,1.25992,1.21896,1.20105,0.65551,0.46515,0.48725,0.32375,1.41178,1.52694,1.10368,0.009868,0.009868,0.009868
6,420.569,1.15561,1.07963,1.14846,0.94305,0.47968,0.49658,0.37389,1.09704,0.87869,0.98895,0.009835,0.009835,0.009835
7,492.446,1.16635,0.93003,1.14579,0.94284,0.47677,0.50153,0.36151,1.29634,1.27002,1.08283,0.009802,0.009802,0.009802
